Title,Artist,Type
A New Day Has Come,Celine Dion,Album
A Tribute to Jim Reeves,Charley Pride,Album
Ben Folds Live,Ben Folds,Album
Bernadette Peters Loves Rodgers & Hammerstein,Bernadette Peters,Album
Best of Van Halen,Van Halen,Album
Between the Buttons,The Rolling Stones,Album
Bloodflowers,The Cure,Album
Blue,Third Eye Blind,Album
Brown Sugar Soundtrack,Various Artists,Album
Busted Stuff,Dave Matthews Band,Album
Eight Mile Soundtrack,Eminem,Album
ESPN Presents Jock Jams Vol. 4,Various Artists,Album
Fast and the Furious Soundtrack,Various Artists,Album
Futureperfect,VNV Nation,Album
Home,Dixie Chicks,Album
I Am Sam Soundtrack,Various Artists,Album
Just Push Play,Aerosmith,Album
Latin Party,Various Artists,Album
Let Go,Avril Lavigne,Album
Love Parade 2002,Various Artists,Album
MJ,Michael Jackson,Album
More Fast & Furious: Music from and Inspired by the Movie,Various Artists,Album
More Music from the Fast and the Furious,Various Artists,Album
Music for the Morning After,Pete Yorn,Album
Nine Lives,Aerosmith,Album
O Brother Where Art Thou Soundtrack,Various Artists,Album
One Hot Minute,Red Hot Chili Peppers,Album
Present,Killing Heidi,Album
Rainbow,Ayumi Hamasaki,Album
Revolution,Stone Temple Pilots,Album
Significant Other,Limp Bizkit,Album
Songs for the Deaf,Queens of the Stone Age,Album
Songs for the Morning After,Pete Yorn,Album
Stained Class,Judas Priest,Album
Strange Little Girls,Tori Amos,Album
The Dividing,Android Lust,Album
The Gallery,Dark Tranquillity,Album
The Gate,Eterna,Album
White Lilies Island,Natalie Imbruglia,Album
12 Monkeys,,Film
A Chorus Line,,Film
A Knight's Tale,,Film
A Very Merry Pooh Year,,Film
A.I. Artificial Intelligence,,Film
About a Boy,,Film
Akira,,Film
All That Jazz,,Film
'Allo 'Allo,,Film
Amadeus,,Film
Amelie,,Film
American Pie 2,,Film
An Introduction to Hong Kong Legends,,Film
Asterix et Obelix,,Film
Atlantis,,Film
Baby Doolittle's World of Animals,,Film
Baby Mozart,,Film
Bad Girls,,Film
Basil der grosse Mäusedetektiv,,Film
Battle Royale,,Film
Battlefield Earth,,Film
Beautiful Thing,,Film
Beauty and the Beast,,Film
Bent,,Film
Best of Beavis and Butthead,,Film
Blinkende Lygter,,Film
Bloodfist Collection,,Film
Blow,,Film
Blue Crush,,Film
Bob the Builder,,Film
Borstal Boy,,Film
Brat 2 (Brother II),,Film
Buffy the Vampire Slayer,,Film
Cap und Capper,,Film
Casablanca,,Film
Charlie Chaplin Marathon,,Film
Cool Hand Luke,,Film
Coupling,,Film
Cowboy Bebop,,Film
Dangerous Liaisons,,Film
Das Boot,,Film
David Copperfield,,Film
Der Eisbär,,Film
Die Ärzte DVD,,Film
Die Hexe und der Zauberer,,Film
Die Schöne und das Biest,,Film
Die vielen Abenteuer von Winnie Puuh,,Film
Dilbert,,Film
Dirty Dancing,,Film
Disturbing Behavior,,Film
Doctor Who,,Film
Dumbo,,Film
Dungeons & Dragons,,Film
Ein Königreich für ein Lama,,Film
El Amor Brujo,,Film
End of Evangelion,,Film
Eraserhead,,Film
Escaflowne,,Film
Eyes Wide Shut,,Film
Fight Club,,Film
Final Fantasy,,Film
Final Fantasy: The Spirits Within,,Film
FLCL (Furi Kuri),,Film
From the Earth to the Moon,,Film
Futurama,,Film
Getäuscht,,Film
Ghost in the Shell,,Film
Gladiator,,Film
Godzilla vs. Megaguirus,,Film
Gohatto,,Film
Hackers,,Film
Harry Potter,,Film
Harry Potter and the Philosopher's Stone,,Film
Harry Potter and the Sorcerer's Stone,,Film
Hellsing,,Film
Help,The Beatles,Film
Hero,,Film
High Fidelity,,Film
Hoshi no Koe (The Voice of a Distant Star),,Film
Hudson Hawk,,Film
I.K.U.,,Film
Ice Age,,Film
Idioterne,,Film
In Love and War,,Film
Jean de Florette,,Film
Jeffrey,,Film
Jeremy Clarkson Head to Head,,Film
Joe Dirt,,Film
Jurassic Park,,Film
Jurassic Park II,,Film
Ken Burns' Jazz,,Film
Kiki's Delivery Service,,Film
Kikujiro,,Film
Laputa: Castle in the Sky,,Film
Les Mystérieuses cités d'or,,Film
Lilo & Stitch,,Film
"Lock, Stock and Two Smoking Barrels",,Film
Long Vacation,,Film
Looking for Ali Brani,,Film
Lord of the Rings,,Film
Lucia y el Sexo,,Film
Manon des Sources,,Film
Maurice,,Film
Max Keeble's Big Move,,Film
Meet the Parents,,Film
Men in Black,,Film
Millennium Bell,Mike Oldfield,Film
"Monsters, Inc.",,Film
My Neighbor Totoro,,Film
Mystery Science Theater 3000,,Film
Neon Genesis Evangelion: Death & Rebirth,,Film
Next Stop Wonderland,,Film
Notre Dame de Paris,,Film
O Auto da Compadecida,,Film
Ocean's Eleven,,Film
October Sky,,Film
Off the Hook,Craig David,Film
Open All Hours,,Film
Operation Y and Other Adventures,,Film
Out of Sight,,Film
Owl's Castle,,Film
"Paris, Texas",,Film
Pelfest Sniper,,Film
Pi,,Film
Porco Rosso,,Film
Pulp Fiction,,Film
Queer as Folk,,Film
Red Dwarf Series I,,Film
Robin of Sherwood,,Film
Robot Carnival,,Film
Ronja Rövardotter,,Film
Rosencrantz and Guildenstern Are Dead,,Film
Rudolph the Red-Nosed Reindeer,,Film
Run Lola Run,,Film
Sapphire and Steel,,Film
Schoolhouse Rock,,Film
Serial Experiments Lain,,Film
Shakespeare in Love,,Film
Shaolin Soccer,,Film
Shark-skinned Man and Peach Hip Girl,,Film
"She, the Ultimate Weapon",,Film
Show Me Love,,Film
Sin Noticias de Dios,,Film
Sphere,,Film
Spider-Man,,Film
Spirited Away,,Film
Stagecoach,,Film
Starship Troopers,,Film
Strange Days,,Film
Tarzan,,Film
Taxi 2,,Film
The Adventures of Huck Finn,,Film
The African Queen,,Film
The Altogether,Orbital,Film
The Bourne Identity,,Film
The Commitments,,Film
The Cowboys,,Film
The Day the World Ended,,Film
The Emperor's New Groove,,Film
The Family Guy,,Film
The First-Timers,,Film
The Hunchback of Notre Dame,,Film
The Hunt for Red October,,Film
The Journey of Jared Price,,Film
The Kid,,Film
The Last Unicorn,,Film
The Lion King,,Film
The Little Mermaid,,Film
The Lord of the Rings: The Fellowship of the Ring,,Film
The Matrix,,Film
The Mission,,Film
The Mummy Returns,,Film
The Office,,Film
The Patriot,,Film
The Perfect Storm,,Film
The Planets,,Film
The Red Violin,,Film
The Ring,,Film
The Rock,,Film
The Rookie,,Film
The Scorpion King,,Film
The Searchers,,Film
The Shawshank Redemption,,Film
The Sixth Sense,,Film
The Spy Who Loved Me,,Film
The Tomorrow People,,Film
The West Wing,,Film
The X-Files,,Film
They Live,,Film
Tokyo Biyori,,Film
Tokyo Love Story,,Film
Tom & Jerry Vol. 1,,Film
Toy Story,,Film
Tubular Bells II/III,Mike Oldfield,Film
Two Lane Blacktop,,Film
Ultraviolet,,Film
Versus,,Film
Vidocq,,Film
Wild at Heart,,Film
Wild Zero,,Film
Windtalkers,,Film
