Title,Artist,Type,Source File
Ben Folds Live,Ben Folds,Album,63
Bernadette Peters Loves Rodgers & Hammerstein,Bernadette Peters,Album,62
Best of Van Halen,Van Halen,Album,37
Best of Van Halen,Van Halen,Album,40
Between the Buttons,The Rolling Stones,Album,75
Bloodflowers,The Cure,Album,73
Blue,Third Eye Blind,Album,31
Brown Sugar,,Album,38
Busted Stuff,Dave Matthews Band,Album,76
The Dividing,Android Lust,Album,47
Eight Mile Soundtrack,Eminem,Album,57
"ESPN Presents Jock Jams, Vol. 4",,Album,67
Fast and the Furious Soundtrack,,Album,33
Fast and the Furious Soundtrack,,Album,34
Fast and the Furious Soundtrack,,Album,43
Fast and the Furious Soundtrack,,Album,65
Futureperfect,VNV Nation,Album,44
The Gallery,Dark Tranquillity,Album,49
The Gate,Eterna,Album,68
Home,Dixie Chicks,Album,60
I Am Sam Soundtrack,,Album,154
Just Push Play,Aerosmith,Album,37
Just Push Play,Aerosmith,Album,40
Let Go,Avril Lavigne,Album,64
Love Parade 2002 Compilation,,Album,70
Millenium Bell,Mike Oldfield,Album,198
MJ,Michael Jackson,Album,32
More Fast & Furious: Music from and inspired by the movie,,Album,58
More Music from the Fast and the Furious,,Album,54
Music for the Morning After,Pete Yorn,Album,74
A New Day Has Come,Celine Dion,Album,51
Nine Lives,Aerosmith,Album,61
"O Brother, Where Art Thou Soundtrack",,Album,50
One Hot Minute,Red Hot Chili Peppers,Album,72
Orbital - The Altogether,Orbital,Album,198
Present,Killing Heidi,Album,108
Rainbow,Ayumi Hamasaki,Album,41
Revolution,Stone Temple Pilots,Album,69
Significant Other,Limp Bizkit,Album,77
Songs For The Deaf,Queens of the Stone Age,Album,55
Songs for the Morning After,Pete Yorn,Album,42
Stained Glass,Judas Priest,Album,37
Stained Glass,Judas Priest,Album,40
Strange Little Girls,Tori Amos,Album,56
A Tribute to Jim Reeves,Charley Pride,Album,30
A Tribute to Jim Reeves,Charley Pride,Album,45
Tubular Bells II/III,Mike Oldfield,Album,198
White Lilies Island,Natalie Imbruglia,Album,52
'Allo 'Allo,,Film,109
12 Monkeys,,Film,112
About a Boy,,Film,214
About a Boy,,Film,224
The Adventures of Huck Finn,,Film,215
The African Queen,,Film,179
AI: Artificial Intelligence,,Film,155
Akira,,Film,127
All That Jazz,,Film,87
All That Jazz,,Film,201
Amadeus,,Film,185
Amelie,,Film,155
Amelie,,Film,158
Amelie,,Film,160
American Pie 2,,Film,212
American Pie 2,,Film,218
American Pie 2,,Film,231
Asterix et Obelix,,Film,195
Atlantis,,Film,229
Baby Doolittle's World of Animals,,Film,265
Baby Mozart,,Film,241
Bad Girls,,Film,170
Basil der grosse Mausedetektiv,,Film,124
Battle Royale,,Film,126
Battlefield Earth,,Film,145
Beautiful Thing,,Film,87
Beautiful Thing,,Film,201
Beauty and the Beast,,Film,174
Beauty and the Beast,,Film,205
Beauty and the Beast,,Film,217
Beauty and the Beast,,Film,220
Beauty and the Beast,,Film,234
Beauty and the Beast,,Film,236
Bent,,Film,87
Bent,,Film,201
Best of Beavis and Butthead,,Film,253
Blinkende Lygter,,Film,107
Bloodfist Collection,,Film,172
Blow,,Film,155
Blue Crush,,Film,211
Blue Crush,,Film,227
Bob the Builder,,Film,240
Bob the Builder,,Film,254
Borstal Boy,,Film,215
The Bourne Identity,,Film,208
The Bourne Identity,,Film,209
The Bourne Identity,,Film,212
The Bourne Identity,,Film,228
The Bourne Identity,,Film,246
The Bourne Identity,,Film,258
The Bourne Identity,,Film,260
Buffy the Vampire Slayer,,Film,90
Buffy the Vampire Slayer,,Film,153
Buffy the Vampire Slayer Season 4,,Film,200
Buffy the Vampire Slayer: Series 4 Box Set,,Film,184
Cap und Capper,,Film,124
Casablanca,,Film,185
Charlie Chaplin Marathon,,Film,271
A Chorus Line,,Film,99
The Commitments,,Film,179
Cool Hand Luke,,Film,185
Coupling,,Film,100
Coupling,,Film,157
Cowboy Bebop,,Film,247
The Cowboys,,Film,185
Craig David: Off the Hook,,Film,144
Dangerous Liaisons,,Film,86
Das Boot,,Film,110
Das Letzte Einhorn (The Last Unicorn),,Film,148
David Copperfield,,Film,129
The Day the World Ended,,Film,145
Der Eisbaer,,Film,169
Die Aerzte DVD,,Film,181
Die Hexe und der Zauberer,,Film,124
Die Schone und das Biest,,Film,124
Die vielen Abenteuer von Winnie Puuh,,Film,124
Dilbert,,Film,85
Dilbert,,Film,87
Dirty Dancing,,Film,169
Disturbing Behavior,,Film,225
Doctor Who,,Film,190
Dumbo,,Film,174
Dungeons & Dragons,,Film,145
Ein Konigreich fur ein Lama,,Film,124
El Amor Brujo,,Film,130
The Emperor's New Groove,,Film,259
End of Evangelion,,Film,159
Eraserhead,,Film,125
Eraserhead,,Film,180
Escaflowne,,Film,264
Eyes Wide Shut,,Film,192
Eyes Wide Shut,,Film,203
The Family Guy,,Film,87
Family Guy,,Film,92
Family Guy Series DVD,,Film,196
Family Guy: The Complete First Season,,Film,114
Fight Club,,Film,84
Final Fantasy,,Film,145
Final Fantasy: The Spirits Within,,Film,93
Fukuro no shiro (Owl's Castle),,Film,176
Furi Kuri,,Film,165
Futurama,,Film,87
Futurama,,Film,117
Futurama,,Film,177
Getaeuscht,,Film,169
Ghost in the Shell,,Film,89
Gladiator,,Film,212
Godzilla vs. MegaGuirus,,Film,202
Gohatto,,Film,119
Great Works of Film Vol. 1,,Film,272
Gundam Evolve 4,,Film,83
Hackers,,Film,145
Harry Potter,,Film,136
Harry Potter and the Philosopher's Stone,,Film,85
Harry Potter and the Philosopher's Stone,,Film,87
Harry Potter and the Sorcerer's Stone,,Film,226
Hellsing,,Film,134
Help!,,Film,113
High Fidelity,,Film,251
Hoshi no Koe (The Voice of a Distant Star),,Film,133
Hudson Hawk,,Film,259
The Hunchback of Notre Dame,,Film,174
The Hunt for Red October,,Film,115
The Hunt for Red October,,Film,243
I.K.U.,,Film,161
Ice Age,,Film,212
Ice Age,,Film,235
Ichigensan (The First-timers),,Film,176
Idioterne,,Film,168
In Love and War,,Film,169
Insomnia,,Film,233
An Introduction to Hong Kong Legends,,Film,191
Jean de Florette,,Film,147
Jeffrey,,Film,87
Jeffrey,,Film,201
Jeremy Clarkson Head to Head,,Film,111
Joe Dirt,,Film,81
The Journey of Jared Price,,Film,215
Jurassic Park,,Film,136
Jurassic Park II,,Film,221
Ken Burns' Jazz,,Film,270
The Kid,,Film,206
Kiki's Delivery Service,,Film,135
KIKUJIRO,,Film,161
A Knight's Tale,,Film,242
Laputa,,Film,162
Les Mystérieuses cités d'or,,Film,95
Lilo & Stitch,,Film,230
Lilo & Stitch,,Film,239
Lilo and Stitch,,Film,212
Lilo and Stitch,,Film,269
The Lion King,,Film,250
The Little Mermaid,,Film,174
The Little Mermaid,,Film,250
"Lock, Stock and Two Smoking Barrels",,Film,122
"Lock, Stock and Two Smoking Barrels",,Film,210
Long Vacation,,Film,88
Looking for Alibrandi,,Film,98
Lord of the Rings,,Film,97
Lord of the Rings,,Film,136
Lord of the Rings,,Film,189
The Lord of the Rings: The Fellowship of the Ring,,Film,36
Lucia y el Sexo,,Film,96
Majo no Takkyuubin (Kiki's Delivery Service),,Film,163
Manon des Sources,,Film,147
The Matrix,,Film,164
The Matrix,,Film,263
Maurice,,Film,87
Maurice,,Film,201
Max Keeble's Big Move,,Film,249
Meet the Parents,,Film,252
Men in Black,,Film,136
The Mission,,Film,179
"Monsters, Inc.",,Film,212
"Monsters, Inc.",,Film,245
"Monsters, Inc.",,Film,262
The Mummy Returns,,Film,259
My Neighbor Totoro,,Film,161
Mystery Science Theater 3000,,Film,267
Neon Genesis Evangelion: Death & Rebirth,,Film,159
Next Stop Wonderland,,Film,216
Notre Dame de Paris,,Film,141
O Auto da Compadecida,,Film,131
Ocean's Eleven,,Film,217
October Sky,,Film,188
The Office,,Film,171
The Office - The Complete Series 1,,Film,175
Open All Hours,,Film,183
Operation Y and Other Adventures,,Film,149
Out of Sight,,Film,158
"Paris, Texas",,Film,179
The Patriot,,Film,81
The Patriot,,Film,101
Pelfest Sniper,,Film,128
The Perfect Storm,,Film,97
PI,,Film,158
The Planets,,Film,106
Porco Rosso,,Film,135
Pulp Fiction,,Film,223
Queer as Folk,,Film,140
Red Dwarf Series I,,Film,116
The Red Violin,,Film,212
The Red Violin,,Film,256
The Ring,,Film,161
Robin of Sherwood,,Film,91
Robin of Sherwood,,Film,179
Robot Carnival,,Film,151
The Rock,,Film,188
Ronja Rovardotter,,Film,120
The Rookie,,Film,222
Rosencrantz and Guildenstern Are Dead,,Film,121
Rudolph the Red-Nosed Reindeer,,Film,139
Rudolph the Red-Nosed Reindeer,,Film,268
Run Lola Run,,Film,158
Sapphire and Steel,,Film,87
Schoolhouse Rock,,Film,238
Scorpion King,,Film,252
The Searchers,,Film,185
Sen to Chihiro no Kamikakushi (Spirited Away),,Film,163
Serial Experiments Lain,,Film,105
Shakespeare in Love,,Film,173
Shaolin Soccer,,Film,102
Shaolin Soccer,,Film,143
Shark-skinned Man and Peach Hip Girl,,Film,182
Shawshank Redemption,,Film,197
Shawshank Redemption,,Film,212
Shawshank Redemption,,Film,237
"She, the Ultimate Weapon",,Film,137
"She, the Ultimate Weapon Vol. 1",,Film,161
"She, the Ultimate Weapon Vol. 2",,Film,161
"She, the Ultimate Weapon Vol. 3",,Film,161
Show Me Love,,Film,103
Sin Noticias de Dios,,Film,123
The Sixth Sense,,Film,204
The Sixth Sense,,Film,212
The Sixth Sense,,Film,219
The Sixth Sense,,Film,255
Sphere,,Film,152
Spiderman,,Film,97
Spirited Away,,Film,82
Spirited Away,,Film,104
Spirited Away,,Film,161
Spirited Away,,Film,162
Spirited Away,,Film,178
Spirited Away,,Film,194
The Spy Who Loved Me,,Film,115
Stagecoach,,Film,185
Starship Troopers,,Film,145
Strange Days,,Film,169
Tarzan,,Film,207
Tarzan,,Film,219
Tarzan,,Film,236
Tarzan,,Film,238
Tarzan,,Film,251
Taxi 2,,Film,199
They Live,,Film,87
The Three Musketeers,,Film,118
Tokyo biyori,,Film,176
Tokyo Love Story,,Film,146
Tom & Jerry Vol. 1,,Film,182
The Tomorrow People,,Film,190
Tonari no Totoro,,Film,156
Tonari no Totoro (My Neighbor Totoro),,Film,193
Top Gun,,Film,118
Totoro (My Neighbor Totoro),,Film,163
Toy Story,,Film,174
Toy Story,,Film,212
Toy Story,,Film,266
Toy Story II,,Film,266
Two Lane Blacktop,,Film,46
Ultraviolet,,Film,142
Versus,,Film,182
A Very Merry Pooh Year,,Film,257
Vidocq,,Film,132
The West Wing,,Film,150
Wild at Heart,,Film,179
Wild Zero,,Film,167
Windtalkers,,Film,244
X-Files: Existence,,Film,145
